id,topic,answer
dem26_v1_n1,1.1.3,
dem26_v2_n1,1.1.3,
dem26_v3_n1,1.1.3,
dem26_v4_n1,1.1.3,
dem26_v5_n1,1.1.3,
dem26_v6_n1,1.1.3,
dem26_v7_n1,1.1.3,
dem26_v8_n1,1.1.3,
dem26_v9_n1,1.1.3,
dem26_v10_n1,1.1.3,
dem26_v11_n1,1.1.3,
dem26_v12_n1,1.1.3,
dem26_v13_n1,1.1.3,
dem26_v14_n1,1.1.3,
dem26_v15_n1,1.1.3,
dem26_v16_n1,1.1.3,
dem26_v17_n1,1.1.3,
dem26_v18_n1,1.1.3,
dem26_v19_n1,1.1.3,
dem26_v20_n1,1.1.3,
dem26_v21_n1,1.1.3,
dem26_v22_n1,1.1.3,
dem26_v23_n1,1.1.3,
dem26_v24_n1,1.1.3,
dem26_v25_n1,1.1.2,
dem26_v26_n1,1.1.2,
dem26_v27_n1,1.1.3,
dem26_v28_n1,1.1.3,
dem26_v29_n1,1.1.3,
dem26_v30_n1,1.1.3,
dem26_v1_n2,1.2.2,
dem26_v2_n2,1.2.2,
dem26_v3_n2,1.2.3,
dem26_v4_n2,1.2.3,
dem26_v5_n2,1.2.4,
dem26_v6_n2,1.2.4,
dem26_v7_n2,1.2.3,
dem26_v8_n2,1.2.3,
dem26_v9_n2,1.2.4,
dem26_v10_n2,1.2.4,
dem26_v11_n2,1.2.2,
dem26_v12_n2,1.2.2,
dem26_v13_n2,1.2.4,
dem26_v14_n2,1.2.4,
dem26_v15_n2,1.2.4,
dem26_v16_n2,1.2.4,
dem26_v17_n2,1.2.4,
dem26_v18_n2,1.2.4,
dem26_v19_n2,1.2.2,
dem26_v20_n2,1.2.2,
dem26_v1_n3,1.3.2,
dem26_v2_n3,1.3.2,
dem26_v3_n3,1.3.1,
dem26_v4_n3,1.3.1,
dem26_v5_n3,1.3.3,
dem26_v6_n3,1.3.3,
dem26_v7_n3,1.3.3,
dem26_v8_n3,1.3.3,
dem26_v9_n3,1.3.3,
dem26_v10_n3,1.3.3,
dem26_v11_n3,1.3.3,
dem26_v12_n3,1.3.3,
dem26_v13_n3,1.3.1,
dem26_v14_n3,1.3.1,
dem26_v15_n3,1.3.1,
dem26_v16_n3,1.3.1,
dem26_v17_n3,1.3.1,
dem26_v18_n3,1.3.1,
dem26_v19_n3,1.3.1,
dem26_v20_n3,1.3.1,
dem26_v1_n4,1.4.1,
dem26_v2_n4,1.4.1,
dem26_v3_n4,1.5.2,
dem26_v4_n4,1.5.2,
dem26_v5_n4,1.5,
dem26_v6_n4,1.5,
dem26_v7_n4,1.5.1,
dem26_v8_n4,1.5.1,
dem26_v9_n4,1.5,
dem26_v10_n4,1.5,
dem26_v11_n4,1.4.2,
dem26_v12_n4,1.4.2,
dem26_v13_n4,1.5.2,
dem26_v14_n4,1.5.2,
dem26_v15_n4,1.5.1,
dem26_v16_n4,1.5.1,
dem26_v17_n4,1.4.1,
dem26_v18_n4,1.4.1,
dem26_v19_n4,1.4.1,
dem26_v20_n4,1.4.1,
dem26_v13_n5,1.1.3,
dem26_v15_n6,1.1.3,
dem26_v17_n22,1.1.3,
dem26_v17_n6,1.1.3,
dem26_v19_n6,1.1.3,
dem26_v20_n6,1.1.3,
dem26_v27_n5,1.1.3,
dem26_v27_n6,1.1.3,
dem26_v29_n6,1.1.3,
dem26_v5_n5,1.1.3,
dem26_v7_n5,1.1.3,
kim22_26_t20,1.2.2,
kim22_26_t21,1.4.1,
kim22_26_t22,1.3.1,
mechanics_v10_n22_fixed,1.2.4,
mechanics_v10_n26_fixed,1.4.1,
mechanics_v11_n22,1.3.2,
mechanics_v9_n22_fixed,1.3.3,
mechanics_v9_n26_fixed,1.4.1,
mechanics_v7_n26,1.3.1,
mechanics_v8_n26,1.3.1,
mechanics_v1_n22,1.3.1,
mechanics_v2_n22,1.3.1,
mechanics_v3_n22,1.3.1,
mechanics_v4_n22,1.3.1,
mechanics_v5_n22,1.3.1,
mechanics_v6_n22,1.3.1,
mechanics_v1_n26,1.4.1,
mechanics_v2_n26,1.4.1,
mechanics_v3_n26,1.4.1,
mechanics_v4_n26,1.4.1,
mechanics_v5_n26,1.4.1,
mechanics_v6_n26,1.4.1,
oscillations_optics_v25_n25,1.5.2,
oscillations_optics_v26_n25,1.5.2,
oscillations_v13_n4,1.5.1,
oscillations_v14_n4,1.5.1,
oscillations_v21_n4,1.5.1,
oscillations_v22_n4,1.5.1,
oscillations_v19_n4,1.5.2,
oscillations_v20_n4,1.5.2,
oscillations_v3_n4,1.5.2,
oscillations_v4_n4,1.5.2,
oscillations_v1_n6,1.5.2,
oscillations_v2_n6,1.5.2,
oscillations_v5_n4,1.5,
oscillations_v6_n4,1.5,
waves_v9_n4,1.5,
ind2_t1,3.2.2,
ind2_t2,3.2.2,5 мкФ
ind2_t3,3.2.2,"0,06 Ом"
ind2_t4,3.2.2,"1,54 Н"
ind2_t5,3.2.2,59 мкДж
