theme,topic
ЗАДАНИЕ №1 (ТОЛЬКО РАВНОМЕРНОЕ ПРЯМОЛИНЕЙНОЕ ДВИЖЕНИЕ),1.1.2
ЗАДАНИЕ №2 (ДИНАМИКА),
ЗАДАНИЕ №3 (ЗАКОНЫ СОХРАНЕНИЯ В МЕХАНИКЕ),
"ЗАДАНИЕ №4 (СТАТИКА, ГИДРОСТАТИКА, МЕХАНИЧЕСКИЕ КОЛЕБАНИЯ И ВОЛНЫ)",
ЗАДАНИЕ №6 (ИЗМЕНЕНИЕ ВЕЛИЧИН И СООТВЕТСТВИЕ ГРАФИКОВ В КИНЕМАТИКЕ/ДИНАМИКЕ),1.1.4
ВТОРОЙ ЗАКОН НЬЮТОНА (ДИНАМИКА),1.2.2
ВТОРОЙ ЗАКОН НЬЮТОНА (ДИНАМИКА И СВЯЗАННЫЕ ТЕЛА),1.2.2
ВТОРОЙ ЗАКОН НЬЮТОНА (ДИНАМИКА И КРИВОЛИНЕЙНОЕ ДВИЖЕНИЕ),1.2.2
ЗАКОН ВСЕМИРНОГО ТЯГОТЕНИЯ И ТРЕТИЙ ЗАКОН НЬЮТОНА,1.2.3
СИЛА УПРУГОСТИ (ЗАКОН ГУКА),1.2.4
СИЛА УПРУГОСТИ (ЗАКОН ГУКА В ДИНАМИКЕ),1.2.4
СИЛА ТРЕНИЯ,1.2.4
СИЛА ТРЕНИЯ (ДИНАМИКА СВЯЗАННЫХ ТЕЛ),1.2.4
ИМПУЛЬС ТЕЛА. ЗАКОН СОХРАНЕНИЯ ИМПУЛЬСА,1.3.1
ЗАКОН СОХРАНЕНИЯ ИМПУЛЬСА (ПОЛНЫЙ НАБОР ЧАСТИ 2),1.3.1
РАБОТА И МОЩНОСТЬ СИЛЫ,1.3.2
РАБОТА И МОЩНОСТЬ СИЛЫ. КИНЕТИЧЕСКАЯ ЭНЕРГИЯ,1.3.2
КИНЕТИЧЕСКАЯ И ПОТЕНЦИАЛЬНАЯ ЭНЕРГИЯ. ЗСЭ,1.3.3
МОМЕНТ СИЛЫ. СТАТИКА,1.4.1
ГИДРОСТАТИКА. СИЛА АРХИМЕДА,1.4.2
ДАВЛЕНИЕ. СИЛА АРХИМЕДА,1.4.2
МЕХАНИЧЕСКИЕ КОЛЕБАНИЯ И ВОЛНЫ,
МЕХАНИКА (ВЫСОКИЙ УРОВЕНЬ СЛОЖНОСТИ),
ОСНОВНОЕ УРАВНЕНИЕ МКТ. АБСОЛЮТНАЯ ТЕМПЕРАТУРА. КИНЕТИЧЕСКАЯ ЭНЕРГИЯ,2.1
УРАВНЕНИЕ МЕНДЕЛЕЕВА-КЛАПЕЙРОНА. ОСНОВНЫЕ ГАЗОВЫЕ ЗАКОНЫ,2.2
ВЛАЖНОСТЬ ВОЗДУХА. НАСЫЩЕННЫЕ ПАРЫ,2.3
КОЛИЧЕСТВО ТЕПЛОТЫ. УДЕЛЬНАЯ ТЕПЛОЕМКОСТЬ. ФАЗОВЫЕ ПЕРЕХОДЫ,2.4
ПЕРВОЕ НАЧАЛО ТЕРМОДИНАМИКИ. РАБОТА ГАЗА. ВНУТРЕННЯЯ ЭНЕРГИЯ,2.5
КПД ТЕПЛОВОЙ МАШИНЫ. КПД ЦИКЛА,2.6
ЗАКОН КУЛОНА. НАПРЯЖЕННОСТЬ ЭЛЕКТРИЧЕСКОГО ПОЛЯ,3.1.1
ПОТЕНЦИАЛ ЭЛЕКТРИЧЕСКОГО ПОЛЯ,3.1.2
ПРОВОДНИКИ И ДИЭЛЕКТРИКИ В ЭЛЕКТРИЧЕСКОМ ПОЛЕ. КОНДЕНСАТОР,3.1.3
ЗАКОН ОМА ДЛЯ УЧАСТКА ЦЕПИ. УДЕЛЬНОЕ СОПРОТИВЛЕНИЕ,3.1.4
СОЕДИНЕНИЕ ПРОВОДНИКОВ. ЗАКОН ОМА ДЛЯ ПОЛНОЙ ЦЕПИ,3.1.5
РАБОТА И МОЩНОСТЬ ТОКА. ЗАКОН ДЖОУЛЯ — ЛЕНЦА,3.1.6
МАГНИТНОЕ ПОЛЕ. СИЛА АМПЕРА. СИЛА ЛОРЕНЦА,3.2.1
МАГНИТНЫЙ ПОТОК. ЭЛЕКТРОМАГНИТНАЯ ИНДУКЦИЯ. САМОИНДУКЦИЯ,3.2.2
КОЛЕБАТЕЛЬНЫЙ КОНТУР,3.2.3
ФОТОЭФФЕКТ. УРАВНЕНИЕ ЭЙНШТЕЙНА ДЛЯ ФОТОЭФФЕКТА,4.5
ФОТОЭФФЕКТ. ГРАФИКИ И СВОЙСТВА ФОТОЭЛЕМЕНТА,4.5
ФИЗИКА ЯДРА. СОСТАВ ЯДРА И ЯДЕРНЫЕ ПРЕВРАЩЕНИЯ,4.6
ФИЗИКА ЯДРА. РАДИОАКТИВНЫЙ РАСПАД. СТРОЕНИЕ АТОМА,4.6
СОСТАВ ЯДРА. ЯДЕРНЫЕ РЕАКЦИИ. РАДИОАКТИВНЫЙ РАСПАД,4.6
СОСТАВ ЯДРА. ЯДЕРНЫЕ РЕАКЦИИ. КВАНТОВЫЕ ПЕРЕХОДЫ,4.6
РАДИОАКТИВНЫЙ РАСПАД. КВАНТОВЫЕ ПЕРЕХОДЫ,4.6
ИНТЕГРИРОВАННЫЕ ЗАДАНИЯ №18 (30 ВАРИАНТОВ ЕГЭ 2026),4.7
ИНТЕГРИРОВАННЫЕ ЗАДАНИЯ №18 (ДОПОЛНИТЕЛЬНАЯ ВЫРЕЗКА),4.7
ИНТЕГРИРОВАННЫЕ ЗАДАНИЯ №18 (ЗАВЕРШАЮЩИЙ ПАКЕТ),4.7
