topic,title
1.1.1,Базовая математика. Основы кинематики
1.1.2,Равномерное прямолинейное движение
1.1.3,Равноускоренное прямолинейное движение
1.1.4,Свободное падение
1.1.5,Движение по окружности
1.2.1,Первый закон Ньютона
1.2.2,Второй закон Ньютона
1.2.3,Третий закон Ньютона
1.2.4,Сила упругости. Сила трения
1.3.1,Импульс
1.3.2,Работа. Мощность
1.3.3,Энергия
1.4.1,Момент силы
1.4.2,Давление. Сила Архимеда
1.5.1,Пружинный маятник
1.5.2,Математический маятник
2.1,Основное уравнение МКТ
2.2,Идеальный газ
2.3,Влажность воздуха
2.4,Фазовые переходы
2.5,Первое начало термодинамики
2.6,Второе начало термодинамики
3.1.1,Закон Кулона. Напряженность
3.1.2,Потенциал ЭП
3.1.3,Конденсатор
3.1.4,Закон Ома
3.1.5,Закон Ома для полной цепи
3.1.6,Закон Джоуля-Ленца
3.2.1,Магнитное поле
3.2.2,Магнитный поток
3.2.3,Колебательный контур
4.1,Геометрическая оптика
4.2,Линзы
4.3,Волновая оптика
4.5,Фотоэффект
4.6,Ядерная физика
